{
    "average_accuracy": 0.7412292271168557,
    "per_class_accuracy": {
        "brush_hair": 0.8829787234042553,
        "cartwheel": 0.2653061224489796,
        "catch": 0.8846153846153846,
        "chew": 0.8115942028985508,
        "clap": 0.9538461538461539,
        "climb": 0.9381443298969072,
        "climb_stairs": 0.7083333333333334,
        "dive": 0.78,
        "draw_sword": 0.6875,
        "dribble": 0.9489795918367347,
        "drink": 0.5980392156862745,
        "eat": 0.45901639344262296,
        "fall_floor": 0.225,
        "fencing": 0.78,
        "flic_flac": 0.7142857142857143,
        "golf": 0.9333333333333333,
        "handstand": 0.7636363636363637,
        "hit": 0.5,
        "hug": 0.9166666666666666,
        "jump": 0.3958333333333333,
        "kick": 0.2647058823529412,
        "kick_ball": 0.9166666666666666,
        "kiss": 0.6935483870967742,
        "laugh": 0.8809523809523809,
        "pick": 0.6296296296296297,
        "pour": 0.7558139534883721,
        "pullup": 1.0,
        "punch": 0.7142857142857143,
        "push": 0.7543859649122807,
        "pushup": 1.0,
        "ride_bike": 1.0,
        "ride_horse": 0.7976190476190477,
        "run": 0.14130434782608695,
        "shake_hands": 0.7571428571428571,
        "shoot_ball": 0.9565217391304348,
        "shoot_bow": 0.9695121951219512,
        "shoot_gun": 0.9516129032258065,
        "sit": 0.44594594594594594,
        "situp": 0.6226415094339622,
        "smile": 0.5128205128205128,
        "smoke": 0.6907216494845361,
        "somersault": 0.8867924528301887,
        "stand": 0.208955223880597,
        "swing_baseball": 0.8403361344537815,
        "sword": 0.5925925925925926,
        "sword_exercise": 0.6031746031746031,
        "talk": 0.8936170212765957,
        "throw": 0.7924528301886793,
        "turn": 0.32051282051282054,
        "walk": 0.8486842105263158,
        "wave": 0.5272727272727272
    }
}