{
    "train_loss": [
        0.3399018237969421,
        0.25970688812075177,
        0.22375859093048717,
        0.19204941741752388,
        0.18340817405215326,
        0.16610144354581138,
        0.1545368688307808,
        0.14935374084831946,
        0.1382724950324625,
        0.1232222529299267
    ],
    "val_loss": [
        1.360848222928699,
        1.4336698617864174,
        1.2073020092953677,
        1.3867180807268453,
        1.5924775560342939,
        1.4975100397846877,
        1.563299598015732,
        1.3471957823212939,
        1.3272839377021572,
        1.506174167813468
    ],
    "train_accuracy": [
        0.9002167456048807,
        0.9216906157180702,
        0.9330095528618447,
        0.9422814481817452,
        0.9467769125792727,
        0.9525166573011158,
        0.9543228706751224,
        0.9568917074737096,
        0.9597816488721201,
        0.9640764228947579
    ],
    "val_accuracy": [
        0.6894452898049522,
        0.6675888781297552,
        0.7147599944667312,
        0.6988518467284548,
        0.6692488587633144,
        0.6934569096693872,
        0.6969152026559691,
        0.731913127680177,
        0.7063217595794715,
        0.7168349702586804
    ]
}